"longitude","latitude"
-70.2640606,-3.8210089
-60.48,-35.65
-69.6119071,-13.1372421
-76.4746108,-0.4788399
-65.5993652,-37.9983271
-62.5633333,-19.55
-64.0937012,-25.1111646
-59.597035,-26.811024
-58.5130003,-23.8261173
-72.2355556,-3.6172222
-65.4440545,-31.4239388
-67.0556974,1.9216462
-62.4661111,-19.2436111
-55.824666,-15.4440009
-61.66,-21.02
-73.0865479,-3.0472684
-73.5294342,-4.6872982
-63.1425476,-17.6578445
-62.835,-35.2806667
-69.258539,-12.7798449
-63.2050865,-17.7713167
-64.9805556,-13.915
-73.4107344,-2.9885283
-55.9187794,-9.5856011
-64.4338889,-31.6427778
-75.6562473,-7.1334806
-70.063871,-3.1054997
-62.695,-19.6255556
-58.2985174,-31.9789171
-72.9087496,-3.2492338
-69.9959679,-3.0474113
-60.31,-20.31
-60.86,-22.65
-71.4030866,-12.8945735
-72.8496659,-3.4426683
-64.3469362,-31.2177655
-57.75,-25.16
-64.4931005,-30.9490635
-59.31111,-22.545
-67.475,-15.669
-55.996292,-15.412642
-60.343321,-22.3543
-56.3871574,-15.1155472
-65.0406323,-31.7317106
-63.1654429,-17.9122251
-61.8874226,-9.7298119
-64.9164534,-25.3122958
-59.25,-23.25
-75.490669,-0.602844
-58.57,-23.63
-43.91902,-19.96192
-58.3625202,-34.5986182
-71.8772631,-3.3919686
-77.6619795,-1.0449945
-69.2934027,-12.8369198
-57.38,-24.75
-62.58,-19.4236111
-62.7105081,-19.8005844
-64.45112,-18.01187
-63.1474159,-17.6984282
-57.9933929,-31.3712266
-62.9028525,-17.2220692
-48.1423044,-13.3459993
-62.4588889,-19.4575
-57.0341492,-19.5148968
-74.4320297,-4.8951493
-76.8058491,-6.0528395
-63.5333,-31.25
-65.0051191,-32.4082626
-58.8614845,-26.2181331
-59.6763889,-22.5402778
-72.7464437,-9.4264552
-57.1876144,-27.7103167
-57.0497222,-9.1338889
-66.5005845,-13.4442906
-64.66587,-17.82745
-62.5913889,-19.0283333
-60.425,-19.2608333
-57.66,-24.66
-60.2763889,-19.0166667
-64.56,-17.93
-69.9459466,-4.0875889
-76.8593645,-2.5416598
-63.7110332,-17.4935212
-57.4751612,-15.642929
-64.9301434,-14.113031
-76.3974008,-0.6745278
-66.3997793,-27.5915558
-71.0866667,-12.1247222
-58.799,-23.499
-64.5501709,-31.9579882
-63.1961817,-17.8336607
-60.6280518,-17.2772187
-70.173015,-4.3024262
-77.7387353,-1.0298594
-65.4720485,-32.8259142
-70.705822,-12.446737
-64.8495054,-23.7608379
-58.9716124,-27.2454095
-76.6170283,-0.3955607
-63.7578728,-31.300746
-70.7993317,-12.2870047
-46.3688144,-20.2441648
-76.14848,-0.63721
-62.560819,-19.922432
-64.4974098,-31.3389375
-73.4213745,-3.0095941
-64.611912,-18.015737
-66.1819725,-27.8567295
-66.3055372,-27.5938049
-59.2666667,-19.5833333
-62.7645493,-30.9042868
-59.617412,-18.3308723
-72.211344,-3.479624
-69.6744112,-13.4843178
-61.6166667,-23.1666667
-69.7421515,-2.8890823
-72.7567649,-9.5340984
-77.5118172,-2.381802
-62.6166667,-14.6333333
-76.3308,-1.06721
-62.3113889,-19.5308333
-62.8222489,-38.4102633
-72.75,-3.58
-64.5423174,-30.775368
-58.714169,-33.487461
-73.3230972,-3.0270408
-72.7161026,-3.4497494
-70.9404802,-3.9740322
-57.9593825,-35.7869054
-60.0349962,-22.3984898
-57.88,-24.75
-64.633333,-24.7
-56.3042772,-19.95431
-58.331,-24.081
-48.2577467,-13.499864
-60.7340784,-9.1587927
-60.5397222,-19.4322222
-42.5550652,-8.8289964
-64.2445707,-31.373938
-60.6205556,-19.2952778
-61.86,-38.1176667
-75.2601242,-0.6442773
-67.5084356,-30.6882296
-69.93536,-4.1786485
-59.975481,-2.9300332
-71.2225628,-11.9977657
-59.3395102,-22.5690448
-60.81,-18.516
-73.5568139,-3.900197
-62.0405556,-16.1344444
-65.0934792,-40.8151084
-65.470785,-34.747397
-64.6678283,-30.052045
-69.6006954,-12.9978882
-58.1423333,-25.044
-47.5195579,-6.6609328
-47.834285,-15.818464
-71.39072,-12.82953
-63.0811111,-19.7841667
-62.5213889,-18.9591667
-71.49185,-13.0236
-58.5833333,-23.9333333
-62.5086111,-19.175
-77.74487,-0.99282
-62.1997222,-19.9016667
-64.6960831,-31.6603951
-64.5580795,-31.487025
-64.5180393,-30.8733097
-70.2333333,-3.85
-62.6906061,-19.937407
-60.1138186,-2.5856297
-59.5678067,-22.6097323
-77.2647346,-0.8779374
-59.0452778,-22.6272222
-49.8598936,-21.53655
-58.4591667,-22.6497222
-59.7522222,-21.1441667
-50.090942,-6.044372
-47.936787,-15.849359
-60.0216667,-23.6930556
-65.3716667,-10.2263889
-50.1917267,-6.05043
-59.4235989,-28.5177961
-57.45,-24.8833333
-70.100114,-12.56893
-62.9574966,-36.7498885
-59.32,-22.6805556
-63.6281399,-18.1372304
-58.7544444,-19.845
-65.4774857,-26.2236
-44.802973,-17.3972325
-73.280292,-3.770081
-59.3025,-19.9838889
-71.23127,-12.656502
-63.985,-11.5902778
-60.3166667,-22.9333333
-58.7819444,-19.7802778
-73.0766344,-3.5174047
-63.8604934,-18.1789221
-60.5941165,-22.0083734
-60.5280556,-23.5252778
-60.9570408,-31.766462
-58.8817833,-34.19895
-63.422699,-30.9128292
-71.1035156,-12.4204832
-63.5380554,-30.509625
-65.4868746,-25.2816233
-57.1972275,-28.5699745
-55.887119,-15.313386
-62.51,-22.25
-77.8633118,-4.5977854
-59.05,-22.3166667
-56.8142026,-29.4719135
-61.58,-20.29
-57.685609,-30.534762
-57.7203552,-30.4898359
-64.7785103,-31.9177871
-64.71595,-37.39906
-65.1756406,-32.3356983
-63.1279872,-38.5060556
-76.7590928,-0.4650685
-64.9922419,-32.3200124
-67.503603,-14.667813
-59.7,-19.95
-58.3273751,-26.3659127
-57.65,-25.2731667
-59.83,-23.85
-68.4969444,-34.815
-76.282413,-0.435816
-58.3,-24.18
-59.2121887,-29.7834495
-58.36,-24.15
-71.7213478,-12.0685758
-56.2204742,-20.2918254
-65.031209,-32.3035296
-59.7588889,-22.1036111
-63.9338529,-30.0932691
-63.8111901,-30.6232519
-69.5350027,-11.3958817
-58.67,-24.28
-64.966672,-25.799987
-63.4708333,-21.3066667
-63.4161111,-21.8386111
-61.0025954,-31.2402148
-63.0838889,-21.8380556
-55.9648456,-20.0956205
-64.933877,-14.5406345
-61.0839844,-14.8810872
-76.4391319,-0.5176733
-77.2582684,-6.0132866
-78.3167,-4.8501
-47.2812875,-4.7011122
-61.1925817,-31.6994442
-63.4838889,-20.1366667
-59.9582752,-30.636946
-56.0055542,-15.318625
-48.1659079,-18.8061368
-58.56,-24.26
-48.0762362,-18.8623515
-47.3052778,-4.8855556
-57.6795,-30.9021667
-58.6447319,-30.3053446
-67.0770264,-0.1284026
-76.1289454,-0.3985087
-64.823,-18.131
-44.9355412,-17.3496553
-57.76,-24.49
-60.0166667,-21.7333333
-64.508763,-13.8054294
-59.9606323,-3.2529507
-61.7847662,-28.5184529
-48.287251,-18.7906583
-66.7967033,-14.1219473
-77.3975658,-1.0329164
-56.6384,-16.2409
-61.9166667,-22.5333333
-79.4194257,9.1679837
-59.6525,-23.08444
-57.5370634,-24.9908717
-68.1359439,-13.7967996
-66.3071569,-30.3602232
-57.9311228,-30.9694134
-62.5540924,-30.7996538
-61.7807342,-24.2355033
-58.849795,-24.9919913
-58.5161018,-25.9112694
-63.504561,-19.350096
-65.2498627,-24.4501968
-64.9830572,-22.2527456
-67.915524,-14.170415
-65.2744102,-27.4261172
-62.2301373,-40.5551811
-60.3197,-24.3763
-58.057251,-28.0113766
-55.4054647,-20.5229363
-59.1394043,-23.150462
-73.4089279,-3.9464025
-67.621,-27.6815
-74.40966,-3.5222
-56.774826,-17.365132
-68.9888191,-11.0316002
-53.7336588,-32.1323944
-58.0758762,-29.1844633
-62.5204468,-21.610834
-50.7080412,-11.7139099
-60,-22.5
-61.4053345,-21.3853112
-63.6846223,-23.3451576
-63.1035,-23.3801667
-55.8405394,-20.5362481
-60.3808594,-22.187405
-66.3549406,-30.6118941
-74.0588379,4.6366545
-58.798871,-33.5045444
-58.541591,-34.306755
-69.2385864,-11.0503862
-67.8275728,-29.4536218
-69.1890212,-12.6271581
-57.8768211,-34.86523
-57.255249,-28.4798776
-64.228713,-17.404819
-77.3105297,-0.6992599
-59.1998291,-16.4044705
-60.6656667,-21.9755
-58.8592529,-23.4456088
-58.2691667,-20.1841667
-55.072978,-19.9323308
-62.9475403,-20.5562953
-64.2057831,-24.7341044
-64.2815262,-32.4826057
-56.9495201,-10.3420245
-57.42455,-28.6553
-60.132656,-26.214263
-54.3942192,-21.4711336
-50.399262,-20.182551
-57.8437364,-31.5366825
-76.0448313,-9.2476673
-76.3562186,-6.4849824
-63.1713867,-38.2338654
-50.162386,-19.316547
-64.4327438,-33.5373169
-56.7310059,-20.7397399
-68.2248187,-29.3197437
-64.51124,-31.04864
-57.4166667,-26.7833333
-58.0468009,-32.4650055
-60.588398,-24.7041082
-60.6939697,-24.1492598
-68.9110565,-12.9510292
-63.8519814,-23.2181132
-59.9386662,-26.0430301
-65.3775358,-35.1306142
-60.1555758,-26.7054324
-70.8876514,-12.2846565
-48.702178,-18.0248535
-50.369034,-19.851149
-70.661319,-12.455542
-63.8835927,-24.3809485
-70.9588207,-12.3417902
-47.7574396,-15.5578907
-76.71999,-6.31142
-61.9615104,-26.1776584
-64.9588889,-31.7591667
-67.9833333,-32.3833333
-64.9601841,-24.9183553
-55.9598923,-28.3811309
-60.9621497,-8.494205
-57.9575952,-32.5293613
-64.9868345,-32.3782943
-64.6652457,-29.8796763
-64.7202173,-15.191745
-64.9460888,-14.7246315
-39.0204763,-9.944081
-59.95,-22.7666667
-67.910668,-34.033934
-70.5211111,-2.7180556
-65.0528696,-9.600436
-58.5618281,-33.0013744
-63.9936018,-30.3016125
-65.1664024,-29.332983
-71.4858333,-2.6105556
-59.7818623,-29.7350453
-64.7333,-30.7667
-58.7148321,-33.67289
-57.1429825,-28.5365761
-67.6224482,-39.1128177
-73.200128,-4.35112
-43.6075,-19.3539
-47.1434645,-7.2392076
-66.6333,-33.6667
-74.7399902,-5.4136796
-60.8959259,-31.4571705
-60.6195731,-32.85769
-78.656961,-4.262422
-65.4047259,-9.6721695
-77.6290512,-5.6838741
-67.2934914,2.6546512
-65.3724836,-9.6035654
-73.4074637,-4.4688064
-69.1844838,-11.2767249
-63.2694444,-18.7105556
-63.2828728,-23.8537387
-69.212685,-11.710204
-77.5972295,-0.6773171
-66.5758714,-33.6560016
-58.0025395,-31.3993568
-57.317,-25.237
-48.338931,-10.258819
-64.9254227,-25.8579878
-66.0984278,-13.763229
-65.5809126,-28.0769821
-67.4700722,-14.4660917
-63.1955556,-18.0530556
-58.7111092,-33.2978211
-68.8568974,-32.5861105
-77.9685645,-5.8240453
-63.412348,-20.3700129
-49.6118094,-10.7924027
-59.82587,-22.3761
-67.0092255,-32.4981891
-63.7281275,-17.5218637
-57.41575,-28.6884833
-73.647004,-4.589442
-68.823747,-12.468764
-48.058977,-15.814961
-69.0324447,-12.6061403
-58.072117,-32.586065
-64.02504,-30.09247
-59.7193548,-5.538168
-65.2182662,-32.1765206
-56.6015625,-19.668453
-64.2701869,-36.9134194
-59.5436552,-22.3479387
-59.6940347,-5.2561767
-51.6522209,-20.7487447
-56.6208333,-16.3786111
-73.2252402,-4.3237496
-43.3602905,-4.865206
-58.6274648,-26.244718
-70.354519,-3.780409
-65.3598879,-32.213184
-65.105238,-24.6582112
-69.7450561,-12.7163429
-64.9890724,-32.6751653
-64.9469233,-31.0668033
-63.1262104,-20.2193063
-58.5641563,-26.4091483
-64.459022,-31.119237
-76.7251781,-1.1019685
-66.0473026,-33.1115549
-56.0252523,-15.4577035
-71.22954,-12.00496
-38.7072236,-9.9541615
-64.4002998,-24.0983423
-47.63283,-15.67814
-64.2697222,-31.2997222
-69.2011052,-32.9591084
-73.2432532,-3.6353205
-62.963,-19.988
-60.8785915,-2.6397012
-63.3336667,-24.1506667
-70.132043,-13.194839
-45.9379578,-20.4460797
-76.4676389,1.0236667
-65.1844865,-30.905907
-58.08554,-24.97734
-59.9539375,-29.9807013
-48.4577402,-14.4108839
-62.6909924,-20.0089194
-64.7190857,-29.8612099
-66.0099792,-28.7210215
-57.8914905,-31.8397587
-71.40751,-11.887532
-57.7371667,-37.9393333
-57.97726,-28.98679
-77.8107437,-5.6958272
-45.1306772,-22.119915
-64.2827322,-32.64029
-65.019028,-32.060192
-56.69135,-16.4569228
-47.8065348,-18.5232366
-64.500713,-23.934569
-76.299959,-7.396457
-65.02805,-31.86458
-57.504785,-30.202281
-59.9732924,-17.8226509
-57.495989,-30.197908
-64.8858118,-7.3387708
-62.4367996,-39.5520559
-70.0661016,-12.8590839
-46.65734,-7.25983
-70.2381795,-12.9103427
-64.8455572,-7.3194464
-60.4826803,-32.3214698
-64.75094,-32.66021
-73.91,-6.265
-61.7019653,-31.9107875
-60.2268974,-21.8162296
-73.8655556,-5.81
-58.9696795,-27.6927529
-58.7443786,-30.3827223
-66.1473083,-39.1642741
-77.008965,-6.040472
-69.401,-11.24318
-62.7058411,-32.4390177
-64.3040322,-39.4665823
-76.30847,-6.43111
-67.2010088,-14.2658492
-61.9425488,-24.0930144
-47.4125719,-7.1006372
-56.6988087,-17.2826279
-67.325798,-3.270533
-76.9831753,-0.4710335
-44.0281981,-19.9801853
-76.3941193,-7.1513119
-67.1175,-32.5755
-64.3771165,-27.6539426
-65.117588,-31.367275
-59.2241667,-23.1105556
-63.53003,-20.01502
-47.821543,-15.825589
-49.650178,-5.9746316
-59.9776268,-30.2454251
-76.3776398,-7.481623
-60.7398462,-17.847898
-64.5667,-32.8833
-62.449986,-37.660019
-60.5197334,-31.725685
-58.6794698,-27.5523021
-57.7217505,-25.2965259
-64.5286098,-30.4188853
-50.635486,-18.95485
-60.3272377,-31.7233277
-62.8685975,-24.1629649
-65,-25.1333333
-64.4433459,-30.7013302
-65.2302417,-24.8071083
-65.5232763,-25.2694585
-68.387245,-32.110794
-59.4581795,-30.6706955
-62.890658,-30.935495
-65.801239,-28.1635886
-48.9263157,-16.647198
-58.4193587,-30.5128657
-70.1615238,1.222102
-62.533,-33.69908
-54.6947318,-20.4489558
-58.227788,-26.212203
-58.6546326,-33.7197708
-58.5235718,-32.4266328
-58.5113657,-27.2962662
-69.338665,-12.7905868
-69.4974183,-12.8733271
-57.8808421,-28.3876722
-60.1955925,-29.4648854
-63.9485639,-31.6485472
-58.6993933,-27.1645291
-64.8864306,-27.5193393
-57.5632364,-28.6833216
-70.2029163,1.2710506
-54.8974907,-19.9391344
-48.2846224,-18.8727373
-57.9630089,-30.6496718
-45.25663,-21.18511
-40.5199467,-9.4137329
-43.695571,-6.870782
-48.247672,-10.231259
-65.23559,-26.566833
-60.6458599,-32.0116809
-58.0026197,-31.2287024
-66.2948335,-33.3035007
-48.300823,-1.2025532
-58.8740202,-30.4062823
-77.793889,-2.9736845
-70.094079,1.122262
-48.29007,-3.73145
-48.7665939,-15.7796994
-50.025223,-6.498424
-60.2558333,-29.6922222
-58.0180639,-30.7459068
-46.2077665,-16.0488654
-63.7221081,-30.734045
-56.9726515,-29.78263
-61.8344879,-26.0089669
-56.7934842,-28.3081502
-61.149559,-30.198553
-67.9088026,-14.1624188
-65.7511246,-28.5928308
-75.869807,-0.6229021
-55.8460379,-20.3089718
-59.9421075,-32.4041078
-59.0155184,-26.8925451
-57.5231923,-25.0375081
-63.2966566,-25.6052832
-43.639576,-6.887932
-61.6475487,-1.8321926
-65.047932,-24.379479
-55.757761,-20.4472807
-62.9089808,-23.5153434
-60.3772545,-29.5821906
-62.9112339,-16.3735094
-66.892171,-37.63496
-64.2463684,-18.1349867
-50.9265321,-20.2047791
-48.852607,-15.7790592
-65.33162,-31.39817
-63.8210526,-18.1768764
-56.3918996,-20.229382
-74.2323017,-10.7219237
-70.2320608,-37.4080409
-57.687745,-28.982239
-47.5544444,-3.7488889
-58.160242,-20.077944
-52.113207,-18.05001
-60.4391384,-30.3423045
-56.6315174,-13.5407027
-59.9166667,-22.0833333
-65.346384,-24.515598
-47.9452915,-19.8003516
-60.3754079,-29.4138644
-62.9333,-37.1167
-50.51293,-19.259737
-47.7274847,-15.8457655
-60.8602778,-29.8919444
-58.8944006,-30.2946093
-58.9324665,-34.5583854
-42.978411,-5.007606
-47.8288293,-13.6524333
-55.5462665,-24.1162128
-69.676755,-12.0469872
-62.8913653,-38.7408731
-74.1173283,11.2696898
-58.160193,-31.809797
-77.94193,-3.01512
-69.423448,-11.363713
-48.196776,-15.671787
-43.470192,-6.964908
-74.5588875,-8.3914598
-61.1793423,-31.6613054
-53.7724435,-22.1590493
-58.5943794,-33.6488505
-60.634345,-10.039198
-66.2736424,-33.1330487
-65.0909907,-31.6494862
-64.8255157,-28.1903619
-49.152465,-16.431538
-45.016936,-12.420107
-50.749066,-4.566113
-65.6321767,-28.4650648
-56.9150726,-22.3787024
-64.1543412,-31.4558307
-65.1755249,-28.6088899
-58.6685908,-26.9629218
-64.2677427,-27.7166565
-65.214266,-24.215836
-65.4196358,-16.9726589
-64.3121624,-23.4482073
-65.096903,-28.614283
-63.1917242,-38.6094716
-65.2352972,-24.8805034
-63.5826944,-17.3989722
-65.72614,-30.57991
-75.814685,-5.43845
-64.287807,-32.194703
-58.6441183,-27.1185488
-63.50662,-19.104954
-55.5069208,-20.4592632
-63.9321256,-8.3134874
-63.2544385,-20.4595927
-56.8951667,-24.8721667
-54.9313945,-22.1949568
-63.9111669,-32.8898615
-58.2696094,-33.065723
-58.1921017,-31.2817784
-65.9358594,-32.3656552
-46.8231369,-21.7106801
-60.5493747,-29.3958433
-59.499017,-30.102441
-54.9164915,-2.5317818
-65.51802,-17.10393
-76.387726,-7.194245
-75.719335,-5.543144
-76.9396872,-1.0101126
-55.3896305,-19.2851499
-64.6257341,-3.4396997
-57.787571,-35.4603903
-65.2916002,-27.5144622
-62.880927,-38.56889
-59.7855405,-29.5488932
-57.4344387,-25.1243557
-71.7278749,-13.6039977
-64.2597091,-30.5782235
-59.063371,-27.3610851
-60.0495054,-21.9822869
-62.8770304,-30.8080581
-63.4175491,-31.1384848
-58.9229277,-27.4320748
-65.5492297,-28.8019364
-56.1460161,-9.6277989
-41.702778,-4.146543
-64.2936596,-23.9283424
-59.1406274,-25.7845511
-60.4814895,-31.238378
-45.2801557,-18.1782694
-56.8479395,-27.823592
-63.8722587,-8.6104544
-58.9169569,-31.4026525
-64.5212628,-25.0022265
-57.3279483,-26.73612
-63.2317981,-32.4426324
-62.6812935,-38.6495225
-58.5133836,-31.0247651
-62.7054977,-31.8749337
-65.10755,-28.6817404
-60.1609157,-29.2018382
-64.8749542,-14.8754463
-65.4032723,-24.6824435
-65.1002973,-31.0114162
-58.983935,-32.37196
-72.1616903,-3.3254884
-58.8117542,-31.3064071
-59.5697718,-30.7465958
-67.8065872,-32.2249277
-49.8449707,-6.1130752
-64.9866199,-31.9061608
-58.9237118,-38.1994647
-67.138634,-33.3544573
-48.138953,-10.303879
-45.0904655,-19.1139481
-65.7270865,-25.1575562
-55.9193373,-13.0721402
-60.1655338,-30.7399267
-44.26563,-2.49174
-60.0711429,-29.1152033
-60.5820297,-29.3170739
-59.4998449,-30.9543728
-58.2155442,-30.7932233
-58.8707328,-27.1396216
-49.3779552,-20.8369342
-65.05023,-30.7801
-64.7877648,-23.7893507
-62.138749,-20.5194883
-65.6646341,-33.0350929
-64.0054679,-30.6292344
-64.5183415,-30.6450751
-63.7250309,-29.9065982
-63.33906,-32.39281
-59.551373,-22.840515
-50.590142,-6.1565476
-64.5295822,-32.0929385
-75.8893,-0.407295
-64.321003,-36.6188344
-58.5523,-20.30386
-61.933279,-37.4621623
-66.2639093,-30.6319768
-63.14326,-24.45955
-62.4955133,-30.908875
-75.847831,-5.466052
-49.2844933,-16.5648475
-64.4152248,-24.9012734
-63.4379959,-17.9011071
-63.329001,-38.7883917
-49.853323,-10.756854
-59.4659901,-28.7442577
-60.9256468,-21.2272041
-47.5895548,-20.8932962
-63.3842582,-38.8412913
-61.7141853,-25.9224956
-64.42885,-31.8016
-60.1809179,-29.5125587
-63.3657941,-38.7218871
-65.6288333,-25.6625
-65.1484511,-25.1131666
-58.3698142,-26.3935035
-58.0590641,-32.7542026
-59.7975969,-29.4414662
-64.968853,-31.3738567
-58.8249722,-31.0471837
-43.94161,-19.149759
-57.5542023,-17.832892
-66.373897,-30.4132921
-49.0773594,-13.3487316
-43.3894086,-4.7685171
-66.1823194,-30.6776497
-59.3152606,-31.1894117
-56.41,-24.66
-64.5231589,-32.2121391
-57.3938549,-35.779205
-41.6554651,-4.163699
-65.7801762,-31.1825384
-65.2306,-30.3817
-68.205104,-9.998429
-69.4934365,-12.0698373
-66.8273792,-29.1736149
-60.2024532,-23.0265325
-64.5085645,-30.1793379
-66.110576,-32.598048
-68.6950938,-12.5639473
-54.5583009,-20.4374327
-47.8815937,-21.9863781
-76.3770933,-6.73055
-75.5949497,-5.238401
-70.598579,-3.6824508
-60.0176592,-30.6049196
-64.4730555,-17.8883333
-63.3782431,-23.2812351
-59.699362,-29.200527
-57.36,-22.68
-44.604922,-17.242638
-66.7772627,-32.3745974
-48.2600427,-20.8042475
-44.32087,-18.4391562
-64.913662,-30.151319
-64.2967558,-30.9580325
-59.2106927,-27.4252971
-63.790226,-31.7780881
-58.2044444,-19.9658333
-54.926043,-20.227099
-64.0719374,-38.310789
-66.1972511,-32.3735463
-67.8651127,-9.9549397
-49.3733495,-15.29784
-66.5505188,-32.1561973
-63.18462,-17.4480524
-60.2965736,-29.9203241
-60.2388341,-29.1026593
-58.3016632,-31.0839617
-69.114654,-12.226011
-62.6758945,-31.0968847
-68.019367,-32.358274
-46.0958004,-17.058891
-58.9187606,-33.9006031
-65.0455856,-32.8263669
-49.1789016,-13.5253525
-60.954556,-16.364558
-49.0911613,-22.3656471
-58.6969672,-25.2558408
-58.3928733,-31.5691048
-56.713011,-20.5358258
-64.5364809,-23.7114172
-62.677002,-17.9835399
-64.1074173,-30.9880408
-63.045721,-17.287095
-63.135811,-25.562532
-64.177657,-23.821124
-60.7239223,-30.7581905
-59.299264,-30.9812149
-65.050706,-33.0014082
-59.9681586,-26.2770277
-58.2647665,-29.211031
-68.7510037,-33.0497705
-64.457581,-33.2184588
-59.0853095,-31.014346
-59.220171,-30.4147234
-46.3860798,-13.5202578
-67.6798522,-35.1491095
-60.0476469,-22.2381454
-64.7006646,-29.8008848
-63.74377,-8.12912
-59.3843701,-31.2428502
-64.9803596,-32.5425535
-48.442925,-10.103972
-58.74567,-34.161021
-60.4077489,-29.0890844
-64.9665901,-24.3117737
-64.8198509,-24.4053326
-45.0002176,-19.2156159
-65.5056361,-31.5328853
-63.9609969,-19.7977377
-74.6242797,2.3851893
-65.2516667,-31.8561111
-63.0812567,-26.8636583
-56.4031622,-21.1465675
-77.8726387,-6.4295157
-68.5040903,-9.3697205
-44.4016023,-18.7365751
-58.2237625,-28.0456219
-62.055953,-8.934298
-56.8570536,-16.7479566
-63.9393053,-25.5854064
-65.3440404,-24.2710269
-60.1100045,-22.6463154
-66.8554544,-29.2422218
-42.8302854,-5.0866946
-69.8250571,-11.122876
-60.1804514,-28.9034074
-63.227261,-7.434709
-63.6747193,-31.919348
-56.6690512,-30.4667559
-65.8064318,-32.2200576
-65.2013532,-32.5328787
-59.512242,-4.436523
-58.1767726,-31.4949288
-64.976217,-30.854105
-58.7797777,-30.9561332
-58.9094961,-28.5283945
-49.0040453,-14.605882
-78.6670027,-4.3182033
-66.0693986,-32.4765783
-52.670584,-17.354596
-73.985125,-4.757745
-78.664856,-4.0867631
-49.1417116,-16.5357942
-57.0853901,-29.7617919
-57.6642086,-28.9608716
-60.4231149,-31.7399357
-61.36518,-30.2669847
-49.64591,-10.8510269
-58.0983424,-30.6621038
-63.19194,-24.62891
-46.990993,-20.9173102
-68.7236345,-12.6765414
-67.911456,-32.311052
-65.4508781,-25.028736
-65.1482821,-18.6381124
-75.6698,1.29729
-75.62757,1.36669
-59.5848499,-29.2348595
-58.9689106,-27.5120968
-47.306877,-16.2048292
-58.6862397,-30.6658674
-43.2808971,-4.9108729
-65.0937749,-24.7363443
-57.5106126,-25.3377433
-60.6276494,-33.0086905
-64.5048336,-31.5870902
-59.1305237,-28.4147527
-58.4791667,-34.492
-48.9128211,-17.0203158
-47.3980075,-20.5668781
-65.3840375,-27.6407477
-64.04986,-33.18829
-60.1151276,-30.0242686
-72.558216,-3.413436
-64.701482,-40.529986
-58.8022,-29.2583
-64.4231213,-33.1522621
-58.612521,-30.9683687
-62.6560374,-31.0842556
-66.4514136,-33.1911603
-65.0439858,-26.6150526
-64.3144788,-33.1111868
-73.715932,-4.909693
-60.7519717,-26.7138361
-48.7098146,-16.1824292
-72.5731516,-13.3978857
-48.3603207,-21.2383534
-54.9586364,-2.8564928
-64.8107408,-33.2919466
-57.3688436,-23.6682512
-63.0067849,-7.4864737
-58.1460113,-26.1728475
-61.761395,-26.186802
-65.1172757,-18.7765598
-58.5844368,-30.5021362
-66.430959,-32.6828984
-61.1659802,-31.5970522
-64.6445828,-30.0291462
-59.4481647,-31.3350456
-75.4006398,-0.9204731
-60.1079071,-3.0627953
-58.2423261,-32.9795751
-63.344,-7.541
-58.07114,-25.92533
-65.2454052,-32.1121635
-58.6385191,-31.2743442
-76.5229028,-4.7709228
-60.0162907,-29.9958989
-55.0470137,-19.3380374
-62.6161953,-38.5267844
-51.3976001,-22.1486407
-62.354524,-26.0111491
-68.952457,-9.1301623
-60.626936,-31.6187434
-56.6196299,-27.5788946
-58.7734222,-24.9269174
-66.8723707,-29.3360512
-62.8279986,-26.0346364
-62.4929086,-38.8709256
-64.6023366,-33.3145886
-66.2186387,-30.9556545
-60.3801956,-31.6461417
-57.829833,-29.05781
-63.5258245,-37.7369195
-68.254846,12.1582588
-60.2675608,-30.345898
-65.6843118,-32.3944002
-64.3097667,-31.0551233
-65.1811111,-31.7730556
-51.6519843,-17.7448951
-43.9671508,-14.2050266
-59.2336055,-27.2582655
-65.0873867,-31.3238122
-65.7609415,-17.1683465
-45.0850602,-16.6598492
-49.9551072,-20.42077
-59.5663691,-2.0241538
-64.8155594,-40.7007478
-68.9805976,-12.5106197
-46.9379956,-19.0063484
-59.048,-24.508
-56.5862846,-9.0541816
-56.30201,-4.52793
-55.9879589,-9.2466507
-61.1881785,-30.1856121
-66.5457642,-30.1548887
-56.516279,-20.9821571
-63.3082342,-30.1855923
-60.6542786,-30.3332396
-60.05069,-1.979081
-43.951215,-19.746338
-65.7851458,-18.0743072
-58.5381714,-26.7088398
-58.4721416,-30.9384378
-50.27032,-6.182723
-48.1235305,-5.6506494
-46.1277663,-6.9845495
-58.3355544,-33.1237078
-76.9376903,-0.9923113
-62.5807943,-30.8615558
-65.4007564,-28.3296081
-73.402225,3.531198
-63.56358,-19.76365
-63.5357064,-21.9996707
-64.8435,-34.8336667
-47.7617633,-21.1079429
-61.9585376,-25.9725189
-59.3058555,-31.0145415
-46.509,-20.3241
-64.3654797,-23.5631428
-63.5309791,-31.6534947
-54.6170855,-20.5049346
-64.9443054,-40.7342507
-49.8551612,-10.4953592
-63.7529465,-23.12725
-64.7102484,-24.1943981
-57.6022167,-19.023741
-56.1595,-34.9313333
-61.92602,-8.952952
-76.2076499,-0.6467544
-44.281072,-15.123492
-64.11943,-18.07425
-76.9670606,-6.025976
-64.9005586,-18.4462026
-65.68499,-28.4770684
-57.9487181,-30.3992337
-64.4313889,-31.8383333
-59.4037916,-30.6008459
-46.646662,-22.521771
-59.9205254,-30.0252265
-62.1746224,-26.0886615
-46.9078714,-10.1790944
-58.2833333,-26.5166667
-46.879674,-10.150329
-59.3492731,-31.1200903
-62.9476323,-30.1831328
-56.4587322,-9.1532449
-58.2461126,-25.1342205
-65.2407394,-25.2786936
-63.3957502,-31.4206967
-60.9397222,-32.1041667
-75.8384694,0.1931667
-74.5545387,-5.4522113
-62.8313255,-25.804914
-61.9861228,-25.6648886
-43.4764095,-3.3261729
-42.540913,-14.308148
-64.4198733,-32.231928
-41.1336494,-10.1378556
-65.306508,-31.661007
-62.7460541,-31.3608926
-48.5600493,-10.0201974
-52.908783,-18.1223603
-50.5363808,-5.8758857
-62.6301491,-34.2847304
-49.3047041,-16.7162441
-69.9265154,-9.3576114
-60.3484325,-30.0331503
-58.1842261,-28.8152245
-51.040206,-31.3590607
-76.21348,-6.60723
-65.9353,-10.90054
-65.0505538,-33.2960682
-63.5483,-30.0504
-68.7655269,-33.3353078
-73.6795495,-12.67396
-75.528469,-0.788883
-58.1491957,-30.8525849
-57.0086001,-24.2827607
-63.062813,-38.692918
-64.0506742,-39.0182377
-59.9398184,-3.0074129
-74.073236,-5.0411004
-48.9853465,-20.0165176
-46.7988983,-21.9694621
-43.9415681,-16.7093827
-73.7934098,-12.6132806
-65.7843733,-27.8063976
-62.7072744,-39.471649
-61.7941667,-23.0277778
-59.1451506,-29.1607958
-63.0062039,-39.3981612
-75.0554686,-11.0646156
-71.407129,-12.584143
-66.9621059,-32.4678032
-59.7404182,-18.2554481
-74.249884,-8.684992
-60.1081964,-22.8605359
-51.382245,-22.184404
-66.5325268,-39.0897723
-76.875768,0.6349743
-71.9730023,-13.524224
-73.176688,-11.825165
-57.9070351,-25.8511664
-62.0947266,-39.6975454
-62.3570144,-38.6865985
-48.1680872,-21.8076433
-59.6438976,-25.0914466
-58.2887871,-9.8180246
-51.0728364,-31.3262038
-65.3692935,-24.9608309
-72.6517376,7.3811257
-67.0191201,-0.198015
-63.3805805,-39.4308432
-57.1208318,-33.1616919
-42.466083,-4.6398198
-41.7704112,-3.8535855
-69.2941028,-11.5852654
-63.9114206,-21.5895987
-67.8271136,-9.9457168
-77.2683478,-5.9983881
-62.9945833,-38.3871775
-58.6344033,-26.9835882
-63.579856,-18.169741
-67.7176517,-37.76975
-65.4937963,-31.0450359
-63.2347376,-7.5993011
-42.3450506,-4.9524037
-60.7362843,-32.9025783
-73.9731773,-12.158869
-63.118,-23.887
-63.1109581,-38.4920048
-65.507,-28.588
-61.8625374,-17.0274393
-44.222146,-2.530656
-65.5628609,-31.3000797
-48.3327767,-10.7047797
-57.8934689,-31.3166863
-75.4406187,-9.6421832
-77.9437453,-1.317535
-54.5731435,-25.5931819
-59.001174,-27.2879303
-63.7536014,-21.1445703
-59.3724128,-24.9978776
-65.493361,-28.483832
-60.4444599,-31.4965064
-48.2958333,-21.2444444
-73.955703,-4.483965
-64.9921949,-24.7293147
-58.650854,-33.442777
-63.7327255,-20.9241871
-47.9611717,-9.8621129
-59.9757936,-29.7030229
-47.11132,-6.3901944
-62.8131616,-38.7825905
-59.6517327,-22.7585435
-67.8785249,-34.5999295
-64.2616316,-32.1647337
-47.465304,-13.791632
-60.1818507,-29.3143038
-59.8823366,-29.559753
-64.7187056,-32.0320082
-61.342322,-32.0918306
-53.831871,-22.31158
-76.1769032,-0.0058472
-60.2056789,-30.9983467
-60.5820464,-29.8630207
-61.5628842,-31.8923769
-58.0331916,-29.1618515
-56.9101014,-19.47067
-69.0710017,-12.4361149
-57.1225021,-25.5716847
-57.5666139,-29.2968089
-46.6784513,-12.8563728
-64.344526,-9.394597
-64.440292,-32.0823832
-73.416811,-4.324829
-58.312287,-34.664263
-59.1485626,-25.6389083
-61.928995,-18.414849
-67.5428,-34.0245
-63.499227,-15.6763
-67.7024569,-15.5783583
-60.2341496,-30.7330309
-64.773182,-33.4030294
-66.401952,-33.1539198
-67.7923996,-37.8637736
-65.1798069,-35.3813488
-73.7648078,1.7005164
-68.5681553,-34.7123587
-44.9972049,-19.2156894
-65.6199954,-28.3216663
-69.584538,-10.707424
-62.6043463,-17.1422975
-60.8900786,-33.0323353
-47.898749,-22.004129
-60.4678082,-22.780211
-45.2380818,-18.1651294
-44.4732601,-19.4407232
-49.418116,-16.682691
-61.6546005,-21.2111135
-64.8860146,-30.1820761
-65.1095034,-36.1909971
-59.1450302,-26.2891862
-73.5674833,-4.4972417
-62.1775504,-30.6891127
-59.77288,-31.1396364
-60.8066832,-31.555578
-39.1697613,-16.3876004
-47.261209,-13.874973
-65.4791629,-32.8388953
-59.1878242,-31.6313972
-64.4788889,-30.2436111
-72.0410257,-13.4955259
-63.4209609,-17.686345
-60.6235218,-25.9325077
-61.4632455,-33.5251117
-59.163679,-32.297585
-75.237732,-8.420271
-63.3437837,-29.967114
-63.1519708,-38.8771256
-62.9692512,-21.0750444
-58.1472827,-28.8257135
-74.3824269,-9.1528038
-39.224776,-17.296567
-57.9128177,-29.1941566
-74.057014,4.6743168
-73.649717,4.180512
-58.7547178,-32.9996214
-59.6305825,-31.7599165
-60.4794228,-25.9325533
-76.9096291,0.113393
-64.3012421,-31.719343
-63.297721,-24.071593
-61.6827904,-24.4254554
-65.123149,-40.841178
-55.331364,-30.2016782
-66.8577509,-29.722295
-68.7242889,-33.3305282
-60.3144291,-31.1506722
-57.7676757,-24.8275877
-43.9476943,-19.5371428
-57.43,-22.6
-63.231562,-32.2858515
-58.3104669,-26.8421138
-64.5205807,-31.2388178
-77.0265067,0.060955
-60.5313112,-31.8443415
-58.704701,-32.61655
-58.6967161,-23.6628644
-75.4004879,-10.5719684
-69.5349448,-12.8247192
-50.5784906,-29.4236577
-60.2559409,-25.870743
-44.7681187,-19.1647311
-60.0533489,-26.9260994
-64.0670532,-37.8150851
-59.3144131,-33.1589993
-62.6726829,-17.1190154
-63.9666188,-33.1911328
-58.9434244,-30.681752
-58.290689,-31.697243
-59.9450183,-28.8407202
-64.1364267,-23.821365
-56.328493,-9.791272
-75.3288011,-3.7088348
-65.9148788,-26.5889109
-64.2522931,-24.0190854
-75.2527473,-10.3419439
-75.61245,1.612894
-44.4535619,-19.5851092
-64.3312004,-38.9051874
-64.1982855,-30.337011
-63.1451731,-32.2969433
-64.9783078,-31.64915
-60.2536422,-28.538475
-43.5213581,-3.3336281
-57.2217967,-34.2882264
-48.5612899,-20.566046
-60.2595538,-38.369521
-60.9295951,-31.8914441
-64.849897,-24.4335679
-64.1064801,-38.9771033
-63.8423,-37.76222
-66.2239807,-37.5513019
-57.9333333,-21.9333333
-47.8979993,-14.0761228
-63.9796508,-8.4577253
-64.8772743,-32.8861039
-73.3641667,6.8491667
-63.7407931,-37.8852544
-63.3771326,-37.8151946
-66.2748739,-32.602881
-65.649905,-37.333348
-75.8688333,0.0905
-78.6746192,-4.3883733
-63.5728829,-30.2636875
-56.9629485,-10.3241891
-51.1613006,-22.2438348
-62.4606784,-17.3313061
-64.821021,-38.8224013
-63.295529,-21.311193
-68.78527,-11.0372261
-62.52183,-17.1842471
-76.761021,0.263761
-64.1102215,-23.3478993
-77.9913633,-1.4673768
-59.5944465,-24.7294199
-66.2809333,-32.9336095
-64.7938656,-16.8302981
-76.240365,-6.73113
-48.302801,-1.4974
-73.7667,-10.7861
-77.3205328,0.0290794
-66.5386105,-28.6004987
-59.1143042,-28.2283218
-60.7154274,-29.7112395
-54.1401315,-25.5382982
-67.5378299,-30.563319
-65.2259159,-22.2189531
-68.009491,-32.3071762
-63.1950116,-19.2673156
-63.292,-19.062
-61.2137604,-26.5328007
-63.8571739,-24.9639614
-76.0867619,-9.6951729
-59.0020189,-33.7364991
-56.0866041,-9.8778813
-58.408497,-23.651884
-64.3949,-30.3504
-63.3597221,-25.5773544
-63.6468887,-24.9281628
-49.7041655,-16.8728904
-67.4833333,-30.6333333
-64.5246792,-25.2325845
-64.7284734,-25.2730661
-62.6660156,-39.4701251
-56.9333839,-29.1083387
-59.3911457,-29.8133913
-65.7176399,-27.861002
-73.95,-10.41
-73.7986851,-10.3805785
-64.531853,-9.292999
-63.4601212,-29.3568231
-63.2102036,-29.2631982
-59.5638904,-28.2162999
-59.4095441,-28.1475329
-56.0495424,-28.0014495
-74.315506,-11.134286
-66.6102089,-30.8001309
-61.525878,-8.948254
-44.999485,-12.3136835
-56.73919,-27.51259
-56.9766426,-27.4775118
-58.4355927,-20.3887217
-69.1273533,-12.9158244
-64.4751334,-19.4878335
-58.7985277,-27.381447
-46.4182234,-13.2321753
-56.4198536,-30.4036628
-58.7489176,-27.2057857
-58.6826992,-30.328731
-60.3017115,-22.3446252
-73.673239,4.173191
-60.933994,-2.680833
-47.3814797,-0.6074553
-58.50141,-32.77138
-58.0967224,-15.6426056
-71.52388,-13.03499
-59.8349807,-22.3882064
-57.2620699,-25.0738365
-58.4912109,-27.3728344
-65.785713,-28.190327
-54.837954,-19.314526
-64.663774,-29.7943
-77.4840403,-6.9095249
-77.35261,-6.75781
-62.9186191,-32.3557277
-63.7279789,-32.2317729
-63.1042807,-32.5004043
-67.7878951,-16.2039043
-63.3902979,-18.9392692
-57.8992367,-31.085778
-64.5921242,-25.3932715
-62.1082415,-22.7133
-58.698947,-31.7006699
-70.7376838,-13.2194333
-60.3445959,-31.0889571
-69.2505598,-30.4366589
-62.8091667,-31.8308333
-66.181426,-39.1557555
-60.5342388,-30.4257827
-64.3140721,-19.1317483
-59.3729239,-28.203953
-59.27315,-28.0107791
-65.7020187,-25.7115716
-59.3855667,-23.1001811
-57.458,-22.398
-73.443592,-4.530428
-50.349462,-6.1745183
-49.858089,-6.536633
-76.6105556,1.1075
-46.6098297,-22.2872301
-60.4217148,-24.5130786
-47.710495,-21.19547
-57.88711,-21.70381
-57.8038273,-21.8055995
-57.5014329,-22.1741717
-64.7168756,-32.8195822
-64.8063968,-32.8520088
-48.9722201,-20.7089067
-59.1219911,-31.6421126
-59.345578,-33.180148
-59.2627645,-28.5052037
-57.6924949,-24.9685873
-49.0994726,-20.7450879
-58.0387115,-26.8519479
-60.514341,-31.2310765
-63.967418,-18.106881
-61.0011363,-29.1637042
-60.2158499,-28.7830816
-79.129715,-4.5480194
-64.2192234,-30.7709297
-64.206078,-37.955792
-61.687417,-28.2288024
-61.2049413,-28.0223952
-77.3414,-0.577498
-59.9992561,-30.3761089
-74.2638405,-0.0794862
-69.9508524,-3.931219
-68.1935978,-32.1456036
-68.5021667,-32.3341667
-76.3135886,0.5283081
-63.867863,-8.946245
-64.113772,-9.189077
-49.792303,-10.04454
-63.955,-23.8956667
-74.184494,-10.888018
-73.882198,-10.709572
-59.0656471,-28.1264037
-72.922034,-11.726109
-63.67549,-19.65167
-59.515206,-28.1596692
-61.2235022,-32.9175397
-58.8638771,-26.9794448
-63.522221,-19.899861
-58.6279027,-30.7309336
-59.048308,-30.3154171
-65.7590589,-32.54336
-63.9867441,-24.2236143
-61.1053491,-25.1542945
-60.9948921,-25.0099785
-59.414836,-22.0090102
-61.0749292,-25.248694
-61.1609103,-29.2971959
-59.2458561,-33.6521525
-73.7451777,2.4359375
-61.7119092,-25.7962193
-62.0585322,-25.6545114
-77.3122472,-0.6036362
-64.6162319,-40.4381074
-61.3584038,-31.5660877
-66.8099927,-31.3567092
-56.9213662,-28.3989205
-57.6947,-28.423113
-58.8060812,-30.6737936
-59.0679597,-30.8227371
-47.1866667,-4.5941667
-50.2543235,-20.2761888
-69.1486111,-38.9402778
-59.680198,-26.750185
-62.35,-21.6333333
-59.868326,-27.062126
-65.890338,-32.309584
-56.8,-26.08
-61.1968767,-30.463564
-58.4903996,-23.6684066
-61.8389568,-20.9105419
-65.0087797,-33.5440074
-63.7333202,-32.425181
-66.5833339,-32.3520206
-60.6660609,-24.4858489
-64.729617,-36.2866375
-67.4912714,-30.7319417
-63.4629987,-19.4053469
-67.4258518,-35.6356493
-67.1410536,-36.3974843
-62.5803026,-25.8544834
-61.0125749,-32.7147094
-73.726936,-4.579507
-52.551585,-6.957183
-61.1864455,-23.4073305
-64.2982674,-23.1358957
-50.3366833,-6.1457117
-63.1118598,-21.4606506
-73.667833,-7.447405
-69.0187524,-11.4080387
-77.075047,0.430052
-59.574126,-4.5431318
-50.0365448,-9.9793328
-74.827241,-8.938067
-56.7453337,-16.5030776
-46.506384,-10.995827
-67.583934,-5.604463
-76.5893314,0.7965954
-54.8851885,-20.4325315
-76.2890004,-7.3161879
-59.5049715,-25.4482711
-58.8632042,-31.0253821
-59.863715,-32.8440618
-64.5657075,-24.0245339
-76.9542933,-0.5094843
-54.8418507,-27.0553193
-45.0521096,-17.6651314
-64.006,-24.172
-67.696909,-14.553154
-66.0599379,-30.043655
-66.5622392,-29.828901
-65.6975555,-22.7125398
-64.4414162,-23.7912715
-51.9957935,-6.6478232
-47.4459805,-19.865529
-62.762,-24.217
-62.775,-24.134
-65.4633021,-22.1311849
-64.9753189,-28.5996894
-51.7028761,-20.7880273
-67.9283882,-14.3778639
-64.5912409,-37.2823166
-60.164302,-31.2196466
-54.3255043,-25.6934357
-67.2151217,-37.4084717
-67.0927377,-37.5353164
-64.1887945,-25.1304144
-68.5377923,-29.5326418
-64.1902188,-28.3354636
-62.1863695,-29.6210481
-67.176891,-33.2267822
-64.307984,-25.174397
-59.1649424,-22.432725
-60.2627863,-22.7724062
-74.491011,1.487008
-58.6536426,-25.2171936
-73.902019,-4.512783
-60.1299638,-29.4425713
-62.711432,-31.643537
-67.8391385,-30.1671774
-75.4048696,1.489338
-48.66428,-9.842305
-50.6096065,-3.870785
